Transaction ID,Date,Customer ID,Gender,Age,Product Category,Quantity,Price per Unit,Total Amount,Year,Month,Customer Lifetime Value
1,2023-11-24,CUST001,male,34,beauty,3,50.0,150.0,2023,11,150.0
2,2023-02-27,CUST002,female,26,clothing,2,500.0,1000.0,2023,2,1000.0
3,2023-01-13,CUST003,male,50,electronics,1,30.0,30.0,2023,1,30.0
4,2023-05-21,CUST004,male,37,clothing,1,500.0,500.0,2023,5,500.0
5,2023-05-06,CUST005,male,30,beauty,2,50.0,100.0,2023,5,100.0
6,2023-04-25,CUST006,female,45,beauty,1,30.0,30.0,2023,4,30.0
7,2023-03-13,CUST007,male,46,clothing,2,25.0,50.0,2023,3,50.0
8,2023-02-22,CUST008,male,30,electronics,4,25.0,100.0,2023,2,100.0
9,2023-12-13,CUST009,male,63,electronics,2,300.0,600.0,2023,12,600.0
10,2023-10-07,CUST010,female,52,clothing,4,50.0,200.0,2023,10,200.0
11,2023-02-14,CUST011,male,23,clothing,2,50.0,100.0,2023,2,100.0
12,2023-10-30,CUST012,male,35,beauty,3,25.0,75.0,2023,10,75.0
13,2023-08-05,CUST013,male,22,electronics,3,500.0,1500.0,2023,8,1500.0
14,2023-01-17,CUST014,male,64,clothing,4,30.0,120.0,2023,1,120.0
15,2023-01-16,CUST015,female,42,electronics,4,500.0,2000.0,2023,1,2000.0
16,2023-02-17,CUST016,male,19,clothing,3,500.0,1500.0,2023,2,1500.0
17,2023-04-22,CUST017,female,27,clothing,4,25.0,100.0,2023,4,100.0
18,2023-04-30,CUST018,female,47,electronics,2,25.0,50.0,2023,4,50.0
19,2023-09-16,CUST019,female,62,clothing,2,25.0,50.0,2023,9,50.0
20,2023-11-05,CUST020,male,22,clothing,3,300.0,900.0,2023,11,900.0
21,2023-01-14,CUST021,female,50,beauty,1,500.0,500.0,2023,1,500.0
22,2023-10-15,CUST022,male,18,clothing,2,50.0,100.0,2023,10,100.0
23,2023-04-12,CUST023,female,35,clothing,4,30.0,120.0,2023,4,120.0
24,2023-11-29,CUST024,female,49,clothing,1,300.0,300.0,2023,11,300.0
25,2023-12-26,CUST025,female,64,beauty,1,50.0,50.0,2023,12,50.0
26,2023-10-07,CUST026,female,28,electronics,2,500.0,1000.0,2023,10,1000.0
27,2023-08-03,CUST027,female,38,beauty,2,25.0,50.0,2023,8,50.0
28,2023-04-23,CUST028,female,43,beauty,1,500.0,500.0,2023,4,500.0
29,2023-08-18,CUST029,female,42,electronics,1,30.0,30.0,2023,8,30.0
30,2023-10-29,CUST030,female,39,beauty,3,300.0,900.0,2023,10,900.0
31,2023-05-23,CUST031,male,44,electronics,4,300.0,1200.0,2023,5,1200.0
32,2023-01-04,CUST032,male,30,beauty,3,30.0,90.0,2023,1,90.0
33,2023-03-23,CUST033,female,50,electronics,2,50.0,100.0,2023,3,100.0
34,2023-12-24,CUST034,female,51,clothing,3,50.0,150.0,2023,12,150.0
35,2023-08-05,CUST035,female,58,beauty,3,300.0,900.0,2023,8,900.0
36,2023-06-24,CUST036,male,52,beauty,3,300.0,900.0,2023,6,900.0
37,2023-05-23,CUST037,female,18,beauty,3,25.0,75.0,2023,5,75.0
38,2023-03-21,CUST038,male,38,beauty,4,50.0,200.0,2023,3,200.0
39,2023-04-21,CUST039,male,23,clothing,4,30.0,120.0,2023,4,120.0
40,2023-06-22,CUST040,male,45,beauty,1,50.0,50.0,2023,6,50.0
41,2023-02-22,CUST041,male,34,clothing,2,25.0,50.0,2023,2,50.0
42,2023-02-17,CUST042,male,22,clothing,3,300.0,900.0,2023,2,900.0
43,2023-07-14,CUST043,female,48,clothing,1,300.0,300.0,2023,7,300.0
44,2023-02-19,CUST044,female,22,clothing,1,25.0,25.0,2023,2,25.0
45,2023-07-03,CUST045,female,55,electronics,1,30.0,30.0,2023,7,30.0
46,2023-06-26,CUST046,female,20,electronics,4,300.0,1200.0,2023,6,1200.0
47,2023-11-06,CUST047,female,40,beauty,3,500.0,1500.0,2023,11,1500.0
48,2023-05-16,CUST048,male,54,electronics,3,300.0,900.0,2023,5,900.0
49,2023-01-23,CUST049,female,54,electronics,2,500.0,1000.0,2023,1,1000.0
50,2023-08-24,CUST050,female,27,beauty,3,25.0,75.0,2023,8,75.0
51,2023-10-02,CUST051,male,27,beauty,3,25.0,75.0,2023,10,75.0
52,2023-03-05,CUST052,female,36,beauty,1,300.0,300.0,2023,3,300.0
53,2023-07-13,CUST053,male,34,electronics,2,50.0,100.0,2023,7,100.0
54,2023-02-10,CUST054,female,38,electronics,3,500.0,1500.0,2023,2,1500.0
55,2023-10-10,CUST055,male,31,beauty,4,30.0,120.0,2023,10,120.0
56,2023-05-31,CUST056,female,26,clothing,3,300.0,900.0,2023,5,900.0
57,2023-11-18,CUST057,female,63,beauty,1,30.0,30.0,2023,11,30.0
58,2023-11-13,CUST058,male,18,clothing,4,300.0,1200.0,2023,11,1200.0
59,2023-07-05,CUST059,male,62,clothing,1,50.0,50.0,2023,7,50.0
60,2023-10-23,CUST060,male,30,beauty,3,50.0,150.0,2023,10,150.0
61,2023-04-09,CUST061,male,21,beauty,4,50.0,200.0,2023,4,200.0
62,2023-12-27,CUST062,male,18,beauty,2,50.0,100.0,2023,12,100.0
63,2023-02-05,CUST063,male,57,electronics,2,25.0,50.0,2023,2,50.0
64,2023-01-24,CUST064,male,49,clothing,4,25.0,100.0,2023,1,100.0
65,2023-12-05,CUST065,male,51,electronics,4,500.0,2000.0,2023,12,2000.0
66,2023-04-27,CUST066,female,45,electronics,1,30.0,30.0,2023,4,30.0
67,2023-05-29,CUST067,female,48,beauty,4,300.0,1200.0,2023,5,1200.0
68,2023-02-10,CUST068,male,25,electronics,1,300.0,300.0,2023,2,300.0
69,2023-04-30,CUST069,female,56,beauty,3,25.0,75.0,2023,4,75.0
70,2023-02-21,CUST070,female,43,clothing,1,300.0,300.0,2023,2,300.0
71,2023-07-14,CUST071,female,51,beauty,4,25.0,100.0,2023,7,100.0
72,2023-05-23,CUST072,female,20,electronics,4,500.0,2000.0,2023,5,2000.0
73,2023-08-21,CUST073,male,29,electronics,3,30.0,90.0,2023,8,90.0
74,2023-11-22,CUST074,female,18,beauty,4,500.0,2000.0,2023,11,2000.0
75,2023-07-06,CUST075,male,61,beauty,4,50.0,200.0,2023,7,200.0
76,2023-03-25,CUST076,female,22,electronics,2,50.0,100.0,2023,3,100.0
77,2023-07-09,CUST077,female,47,clothing,2,50.0,100.0,2023,7,100.0
78,2023-07-01,CUST078,female,47,clothing,3,500.0,1500.0,2023,7,1500.0
79,2023-04-18,CUST079,male,34,beauty,1,300.0,300.0,2023,4,300.0
80,2023-12-10,CUST080,female,64,clothing,2,30.0,60.0,2023,12,60.0
81,2023-05-17,CUST081,male,40,electronics,1,50.0,50.0,2023,5,50.0
82,2023-12-26,CUST082,female,32,beauty,4,50.0,200.0,2023,12,200.0
83,2023-12-16,CUST083,male,54,electronics,2,50.0,100.0,2023,12,100.0
84,2023-11-28,CUST084,female,38,electronics,3,30.0,90.0,2023,11,90.0
85,2023-02-06,CUST085,male,31,clothing,3,50.0,150.0,2023,2,150.0
86,2023-11-08,CUST086,male,19,beauty,3,30.0,90.0,2023,11,90.0
87,2023-11-22,CUST087,female,28,beauty,2,50.0,100.0,2023,11,100.0
88,2023-03-29,CUST088,male,56,clothing,1,500.0,500.0,2023,3,500.0
89,2023-10-01,CUST089,female,55,electronics,4,500.0,2000.0,2023,10,2000.0
90,2023-05-06,CUST090,female,51,electronics,1,30.0,30.0,2023,5,30.0
91,2023-03-25,CUST091,female,55,electronics,1,500.0,500.0,2023,3,500.0
92,2023-08-25,CUST092,female,51,electronics,4,30.0,120.0,2023,8,120.0
93,2023-07-14,CUST093,female,35,beauty,4,500.0,2000.0,2023,7,2000.0
94,2023-05-19,CUST094,female,47,beauty,2,500.0,1000.0,2023,5,1000.0
95,2023-11-24,CUST095,female,32,clothing,2,30.0,60.0,2023,11,60.0
96,2023-12-19,CUST096,female,44,clothing,2,300.0,600.0,2023,12,600.0
97,2023-10-13,CUST097,female,51,beauty,2,500.0,1000.0,2023,10,1000.0
98,2023-04-23,CUST098,female,55,beauty,2,50.0,100.0,2023,4,100.0
99,2023-12-17,CUST099,female,50,electronics,4,300.0,1200.0,2023,12,1200.0
100,2023-06-16,CUST100,male,41,electronics,1,30.0,30.0,2023,6,30.0
101,2023-01-29,CUST101,male,32,clothing,2,300.0,600.0,2023,1,600.0
102,2023-04-28,CUST102,female,47,beauty,2,25.0,50.0,2023,4,50.0
103,2023-01-17,CUST103,female,59,clothing,1,25.0,25.0,2023,1,25.0
104,2023-06-11,CUST104,female,34,beauty,2,500.0,1000.0,2023,6,1000.0
105,2023-07-25,CUST105,female,22,electronics,1,500.0,500.0,2023,7,500.0
106,2023-05-18,CUST106,female,46,clothing,1,50.0,50.0,2023,5,50.0
107,2023-02-03,CUST107,female,21,clothing,4,300.0,1200.0,2023,2,1200.0
108,2023-04-19,CUST108,female,27,beauty,3,25.0,75.0,2023,4,75.0
109,2023-10-18,CUST109,female,34,electronics,4,500.0,2000.0,2023,10,2000.0
110,2023-06-11,CUST110,male,27,clothing,3,300.0,900.0,2023,6,900.0
111,2023-04-19,CUST111,female,34,electronics,3,500.0,1500.0,2023,4,1500.0
112,2023-12-02,CUST112,male,37,clothing,3,500.0,1500.0,2023,12,1500.0
113,2023-09-13,CUST113,female,41,electronics,2,25.0,50.0,2023,9,50.0
114,2023-07-22,CUST114,female,22,beauty,4,25.0,100.0,2023,7,100.0
115,2023-11-26,CUST115,male,51,clothing,3,500.0,1500.0,2023,11,1500.0
116,2023-08-23,CUST116,female,23,clothing,1,30.0,30.0,2023,8,30.0
117,2023-03-15,CUST117,male,19,electronics,2,500.0,1000.0,2023,3,1000.0
118,2023-05-16,CUST118,female,30,electronics,4,500.0,2000.0,2023,5,2000.0
119,2023-03-13,CUST119,female,60,clothing,3,50.0,150.0,2023,3,150.0
120,2023-05-07,CUST120,male,60,beauty,1,50.0,50.0,2023,5,50.0
121,2023-10-15,CUST121,female,28,electronics,4,50.0,200.0,2023,10,200.0
122,2023-10-03,CUST122,male,64,electronics,4,30.0,120.0,2023,10,120.0
123,2023-05-15,CUST123,female,40,electronics,2,30.0,60.0,2023,5,60.0
124,2023-10-27,CUST124,male,33,clothing,4,500.0,2000.0,2023,10,2000.0
125,2023-08-08,CUST125,male,48,clothing,2,50.0,100.0,2023,8,100.0
126,2023-10-26,CUST126,female,28,clothing,3,30.0,90.0,2023,10,90.0
127,2023-07-24,CUST127,female,33,clothing,2,25.0,50.0,2023,7,50.0
128,2023-07-05,CUST128,male,25,beauty,1,500.0,500.0,2023,7,500.0
129,2023-04-23,CUST129,female,21,beauty,2,300.0,600.0,2023,4,600.0
130,2023-03-12,CUST130,female,57,clothing,1,500.0,500.0,2023,3,500.0
131,2023-09-18,CUST131,female,21,beauty,2,300.0,600.0,2023,9,600.0
132,2023-09-10,CUST132,male,42,electronics,4,50.0,200.0,2023,9,200.0
133,2023-02-16,CUST133,male,20,electronics,3,300.0,900.0,2023,2,900.0
134,2023-01-25,CUST134,male,49,electronics,1,50.0,50.0,2023,1,50.0
135,2023-02-26,CUST135,male,20,clothing,2,25.0,50.0,2023,2,50.0
136,2023-03-20,CUST136,male,44,electronics,2,300.0,600.0,2023,3,600.0
137,2023-11-18,CUST137,male,46,beauty,2,500.0,1000.0,2023,11,1000.0
138,2023-03-23,CUST138,male,49,clothing,4,50.0,200.0,2023,3,200.0
139,2023-12-15,CUST139,male,36,beauty,4,500.0,2000.0,2023,12,2000.0
140,2023-08-05,CUST140,male,38,electronics,1,30.0,30.0,2023,8,30.0
141,2023-11-02,CUST141,female,22,electronics,1,50.0,50.0,2023,11,50.0
142,2023-02-02,CUST142,male,35,electronics,4,300.0,1200.0,2023,2,1200.0
143,2023-07-17,CUST143,female,45,clothing,1,50.0,50.0,2023,7,50.0
144,2023-07-15,CUST144,female,59,beauty,3,500.0,1500.0,2023,7,1500.0
145,2023-11-02,CUST145,female,39,clothing,3,25.0,75.0,2023,11,75.0
146,2023-08-28,CUST146,male,38,clothing,4,50.0,200.0,2023,8,200.0
147,2023-09-28,CUST147,male,23,electronics,1,300.0,300.0,2023,9,300.0
148,2023-05-09,CUST148,male,18,clothing,2,30.0,60.0,2023,5,60.0
149,2023-10-11,CUST149,male,22,clothing,3,25.0,75.0,2023,10,75.0
150,2023-01-06,CUST150,female,58,electronics,4,30.0,120.0,2023,1,120.0
151,2023-12-15,CUST151,male,29,clothing,1,50.0,50.0,2023,12,50.0
152,2023-02-28,CUST152,male,43,electronics,4,500.0,2000.0,2023,2,2000.0
153,2023-12-16,CUST153,male,63,electronics,2,500.0,1000.0,2023,12,1000.0
154,2023-10-02,CUST154,male,51,electronics,3,300.0,900.0,2023,10,900.0
155,2023-05-17,CUST155,male,31,electronics,4,500.0,2000.0,2023,5,2000.0
156,2023-11-25,CUST156,female,43,clothing,4,25.0,100.0,2023,11,100.0
157,2023-06-24,CUST157,male,62,electronics,4,500.0,2000.0,2023,6,2000.0
158,2023-02-27,CUST158,female,44,electronics,2,300.0,600.0,2023,2,600.0
159,2023-05-31,CUST159,male,26,clothing,4,50.0,200.0,2023,5,200.0
160,2023-08-11,CUST160,female,43,clothing,2,50.0,100.0,2023,8,100.0
161,2023-03-22,CUST161,male,64,beauty,2,500.0,1000.0,2023,3,1000.0
162,2023-08-21,CUST162,male,39,clothing,2,30.0,60.0,2023,8,60.0
163,2023-01-02,CUST163,female,64,clothing,3,50.0,150.0,2023,1,150.0
164,2023-05-15,CUST164,female,47,beauty,3,500.0,1500.0,2023,5,1500.0
165,2023-09-14,CUST165,female,60,clothing,4,300.0,1200.0,2023,9,1200.0
166,2023-04-02,CUST166,male,34,clothing,4,500.0,2000.0,2023,4,2000.0
167,2023-09-17,CUST167,female,43,clothing,3,50.0,150.0,2023,9,150.0
168,2023-02-24,CUST168,male,53,clothing,1,300.0,300.0,2023,2,300.0
169,2023-11-17,CUST169,male,18,beauty,3,500.0,1500.0,2023,11,1500.0
170,2023-06-02,CUST170,female,25,clothing,2,25.0,50.0,2023,6,50.0
171,2023-11-24,CUST171,female,52,clothing,3,300.0,900.0,2023,11,900.0
172,2023-09-17,CUST172,male,32,beauty,2,25.0,50.0,2023,9,50.0
173,2023-11-08,CUST173,male,64,electronics,4,30.0,120.0,2023,11,120.0
174,2023-04-12,CUST174,female,39,beauty,1,300.0,300.0,2023,4,300.0
175,2023-03-20,CUST175,female,31,electronics,4,25.0,100.0,2023,3,100.0
176,2023-07-11,CUST176,female,43,beauty,2,50.0,100.0,2023,7,100.0
177,2023-03-24,CUST177,male,45,beauty,2,50.0,100.0,2023,3,100.0
178,2023-10-04,CUST178,male,40,clothing,2,30.0,60.0,2023,10,60.0
179,2023-09-29,CUST179,male,31,electronics,1,300.0,300.0,2023,9,300.0
180,2023-01-01,CUST180,male,41,clothing,3,300.0,900.0,2023,1,900.0
181,2023-11-03,CUST181,male,19,electronics,4,300.0,1200.0,2023,11,1200.0
182,2023-06-15,CUST182,male,62,beauty,4,30.0,120.0,2023,6,120.0
183,2023-09-08,CUST183,female,43,beauty,3,300.0,900.0,2023,9,900.0
184,2023-01-10,CUST184,male,31,electronics,4,50.0,200.0,2023,1,200.0
185,2023-02-27,CUST185,male,24,clothing,1,25.0,25.0,2023,2,25.0
186,2023-07-05,CUST186,male,20,clothing,4,50.0,200.0,2023,7,200.0
187,2023-06-07,CUST187,female,64,clothing,2,50.0,100.0,2023,6,100.0
188,2023-05-03,CUST188,male,40,clothing,3,25.0,75.0,2023,5,75.0
189,2023-01-30,CUST189,male,63,beauty,1,50.0,50.0,2023,1,50.0
190,2023-05-04,CUST190,female,60,beauty,3,30.0,90.0,2023,5,90.0
191,2023-10-18,CUST191,male,64,beauty,1,25.0,25.0,2023,10,25.0
192,2023-02-10,CUST192,male,62,beauty,2,50.0,100.0,2023,2,100.0
193,2023-02-13,CUST193,male,35,beauty,3,500.0,1500.0,2023,2,1500.0
194,2023-09-06,CUST194,male,55,clothing,4,50.0,200.0,2023,9,200.0
195,2023-02-05,CUST195,male,52,clothing,1,30.0,30.0,2023,2,30.0
196,2023-09-30,CUST196,female,32,clothing,3,300.0,900.0,2023,9,900.0
197,2023-03-06,CUST197,female,42,clothing,4,50.0,200.0,2023,3,200.0
198,2023-03-07,CUST198,female,54,beauty,3,300.0,900.0,2023,3,900.0
199,2023-12-04,CUST199,male,45,beauty,3,500.0,1500.0,2023,12,1500.0
200,2023-09-01,CUST200,male,27,beauty,3,50.0,150.0,2023,9,150.0
201,2023-10-09,CUST201,male,56,electronics,1,25.0,25.0,2023,10,25.0
202,2023-03-26,CUST202,female,34,clothing,4,300.0,1200.0,2023,3,1200.0
203,2023-05-16,CUST203,male,56,clothing,2,500.0,1000.0,2023,5,1000.0
204,2023-09-28,CUST204,male,39,beauty,1,25.0,25.0,2023,9,25.0
205,2023-11-07,CUST205,female,43,clothing,1,25.0,25.0,2023,11,25.0
206,2023-08-05,CUST206,male,61,clothing,1,25.0,25.0,2023,8,25.0
207,2023-04-19,CUST207,female,42,beauty,2,25.0,50.0,2023,4,50.0
208,2023-10-04,CUST208,female,34,electronics,4,50.0,200.0,2023,10,200.0
209,2023-12-20,CUST209,female,30,electronics,4,50.0,200.0,2023,12,200.0
210,2023-04-13,CUST210,male,37,electronics,4,50.0,200.0,2023,4,200.0
211,2024-01-01,CUST211,male,42,beauty,3,500.0,1500.0,2024,1,1500.0
212,2023-06-09,CUST212,male,21,clothing,3,500.0,1500.0,2023,6,1500.0
213,2023-07-24,CUST213,male,27,beauty,3,500.0,1500.0,2023,7,1500.0
214,2023-12-10,CUST214,male,20,beauty,2,30.0,60.0,2023,12,60.0
215,2023-11-29,CUST215,male,58,clothing,3,500.0,1500.0,2023,11,1500.0
216,2023-07-11,CUST216,male,62,electronics,2,50.0,100.0,2023,7,100.0
217,2023-08-13,CUST217,female,35,electronics,4,50.0,200.0,2023,8,200.0
218,2023-09-22,CUST218,male,64,beauty,3,30.0,90.0,2023,9,90.0
219,2023-08-20,CUST219,female,53,electronics,3,30.0,90.0,2023,8,90.0
220,2023-03-03,CUST220,male,64,beauty,1,500.0,500.0,2023,3,500.0
221,2023-05-07,CUST221,male,39,beauty,2,300.0,600.0,2023,5,600.0
222,2023-04-26,CUST222,male,51,clothing,4,30.0,120.0,2023,4,120.0
223,2023-02-02,CUST223,female,64,clothing,1,25.0,25.0,2023,2,25.0
224,2023-06-23,CUST224,female,25,clothing,1,50.0,50.0,2023,6,50.0
225,2023-01-11,CUST225,female,57,beauty,4,25.0,100.0,2023,1,100.0
226,2023-10-29,CUST226,female,61,clothing,1,50.0,50.0,2023,10,50.0
227,2023-10-11,CUST227,male,36,electronics,2,50.0,100.0,2023,10,100.0
228,2023-04-28,CUST228,female,59,electronics,2,30.0,60.0,2023,4,60.0
229,2023-10-29,CUST229,male,58,beauty,3,30.0,90.0,2023,10,90.0
230,2023-04-23,CUST230,male,54,beauty,1,25.0,25.0,2023,4,25.0
231,2023-01-04,CUST231,female,23,clothing,3,50.0,150.0,2023,1,150.0
232,2023-02-06,CUST232,female,43,beauty,1,25.0,25.0,2023,2,25.0
233,2023-12-29,CUST233,female,51,beauty,2,300.0,600.0,2023,12,600.0
234,2023-11-20,CUST234,female,62,electronics,2,25.0,50.0,2023,11,50.0
235,2023-01-31,CUST235,female,23,electronics,2,500.0,1000.0,2023,1,1000.0
236,2023-04-28,CUST236,female,54,clothing,1,25.0,25.0,2023,4,25.0
237,2023-02-04,CUST237,female,50,beauty,2,500.0,1000.0,2023,2,1000.0
238,2023-01-17,CUST238,female,39,beauty,1,500.0,500.0,2023,1,500.0
239,2023-06-19,CUST239,male,38,electronics,3,500.0,1500.0,2023,6,1500.0
240,2023-02-06,CUST240,female,23,beauty,1,300.0,300.0,2023,2,300.0
241,2023-09-21,CUST241,female,23,electronics,3,25.0,75.0,2023,9,75.0
242,2023-05-02,CUST242,male,21,clothing,1,25.0,25.0,2023,5,25.0
243,2023-05-23,CUST243,female,47,electronics,3,300.0,900.0,2023,5,900.0
244,2023-12-09,CUST244,male,28,beauty,2,50.0,100.0,2023,12,100.0
245,2023-09-06,CUST245,male,47,clothing,3,30.0,90.0,2023,9,90.0
246,2023-04-20,CUST246,female,48,electronics,2,25.0,50.0,2023,4,50.0
247,2023-10-04,CUST247,male,41,electronics,2,30.0,60.0,2023,10,60.0
248,2023-03-09,CUST248,male,26,clothing,3,300.0,900.0,2023,3,900.0
249,2023-10-20,CUST249,male,20,clothing,1,50.0,50.0,2023,10,50.0
250,2023-10-23,CUST250,male,48,electronics,1,50.0,50.0,2023,10,50.0
251,2023-08-31,CUST251,female,57,beauty,4,50.0,200.0,2023,8,200.0
252,2023-05-05,CUST252,male,54,electronics,1,300.0,300.0,2023,5,300.0
253,2023-08-31,CUST253,female,53,clothing,4,500.0,2000.0,2023,8,2000.0
254,2023-07-28,CUST254,male,41,electronics,1,500.0,500.0,2023,7,500.0
255,2023-04-08,CUST255,male,48,clothing,1,30.0,30.0,2023,4,30.0
256,2023-02-18,CUST256,male,23,clothing,2,500.0,1000.0,2023,2,1000.0
257,2023-02-19,CUST257,male,19,beauty,4,500.0,2000.0,2023,2,2000.0
258,2023-12-04,CUST258,female,37,clothing,1,50.0,50.0,2023,12,50.0
259,2023-08-09,CUST259,female,45,clothing,4,50.0,200.0,2023,8,200.0
260,2023-07-01,CUST260,male,28,beauty,2,30.0,60.0,2023,7,60.0
261,2023-08-05,CUST261,male,21,clothing,2,25.0,50.0,2023,8,50.0
262,2023-07-30,CUST262,female,32,beauty,4,30.0,120.0,2023,7,120.0
263,2023-08-28,CUST263,male,23,beauty,2,30.0,60.0,2023,8,60.0
264,2023-01-28,CUST264,male,47,clothing,3,300.0,900.0,2023,1,900.0
265,2023-12-11,CUST265,male,55,clothing,3,300.0,900.0,2023,12,900.0
266,2023-12-01,CUST266,female,19,electronics,2,30.0,60.0,2023,12,60.0
267,2023-11-27,CUST267,female,32,beauty,3,30.0,90.0,2023,11,90.0
268,2023-02-20,CUST268,female,28,electronics,1,30.0,30.0,2023,2,30.0
269,2023-02-01,CUST269,male,25,clothing,4,500.0,2000.0,2023,2,2000.0
270,2023-07-26,CUST270,male,43,electronics,1,300.0,300.0,2023,7,300.0
271,2023-06-23,CUST271,female,62,beauty,4,30.0,120.0,2023,6,120.0
272,2023-02-25,CUST272,female,61,electronics,2,50.0,100.0,2023,2,100.0
273,2023-05-08,CUST273,female,22,beauty,1,50.0,50.0,2023,5,50.0
274,2023-04-09,CUST274,female,23,clothing,2,500.0,1000.0,2023,4,1000.0
275,2023-04-08,CUST275,male,43,clothing,2,500.0,1000.0,2023,4,1000.0
276,2023-10-02,CUST276,female,21,beauty,4,25.0,100.0,2023,10,100.0
277,2023-08-18,CUST277,male,36,clothing,4,25.0,100.0,2023,8,100.0
278,2023-03-13,CUST278,female,37,clothing,4,25.0,100.0,2023,3,100.0
279,2023-08-05,CUST279,male,50,clothing,1,500.0,500.0,2023,8,500.0
280,2023-04-04,CUST280,female,37,clothing,3,500.0,1500.0,2023,4,1500.0
281,2023-05-23,CUST281,female,29,beauty,4,500.0,2000.0,2023,5,2000.0
282,2023-08-25,CUST282,female,64,electronics,4,50.0,200.0,2023,8,200.0
283,2023-05-08,CUST283,female,18,electronics,1,500.0,500.0,2023,5,500.0
284,2023-02-08,CUST284,male,43,clothing,4,50.0,200.0,2023,2,200.0
285,2023-08-15,CUST285,female,31,electronics,1,25.0,25.0,2023,8,25.0
286,2023-10-09,CUST286,male,55,electronics,2,25.0,50.0,2023,10,50.0
287,2023-02-20,CUST287,male,54,clothing,4,25.0,100.0,2023,2,100.0
288,2023-01-26,CUST288,male,28,clothing,4,30.0,120.0,2023,1,120.0
289,2023-11-30,CUST289,male,53,electronics,2,30.0,60.0,2023,11,60.0
290,2023-10-04,CUST290,female,30,beauty,2,300.0,600.0,2023,10,600.0
291,2023-01-08,CUST291,male,60,clothing,2,300.0,600.0,2023,1,600.0
292,2023-02-17,CUST292,male,20,beauty,4,300.0,1200.0,2023,2,1200.0
293,2023-05-02,CUST293,male,50,electronics,3,30.0,90.0,2023,5,90.0
294,2023-03-27,CUST294,female,23,clothing,3,30.0,90.0,2023,3,90.0
295,2023-07-28,CUST295,female,27,beauty,3,300.0,900.0,2023,7,900.0
296,2023-09-06,CUST296,female,22,clothing,4,300.0,1200.0,2023,9,1200.0
297,2023-09-04,CUST297,female,40,electronics,2,500.0,1000.0,2023,9,1000.0
298,2023-04-20,CUST298,male,27,beauty,4,300.0,1200.0,2023,4,1200.0
299,2023-07-25,CUST299,male,61,electronics,2,500.0,1000.0,2023,7,1000.0
300,2023-01-31,CUST300,female,19,electronics,4,50.0,200.0,2023,1,200.0
301,2023-03-26,CUST301,male,30,clothing,4,30.0,120.0,2023,3,120.0
302,2023-07-14,CUST302,male,57,beauty,2,300.0,600.0,2023,7,600.0
303,2023-01-02,CUST303,male,19,electronics,3,30.0,90.0,2023,1,90.0
304,2023-07-19,CUST304,female,37,electronics,2,30.0,60.0,2023,7,60.0
305,2023-05-16,CUST305,female,18,beauty,1,30.0,30.0,2023,5,30.0
306,2023-08-21,CUST306,male,54,electronics,1,50.0,50.0,2023,8,50.0
307,2023-05-27,CUST307,female,26,electronics,2,25.0,50.0,2023,5,50.0
308,2023-08-05,CUST308,female,34,beauty,4,300.0,1200.0,2023,8,1200.0
309,2023-12-23,CUST309,female,26,beauty,1,25.0,25.0,2023,12,25.0
310,2023-10-12,CUST310,female,28,beauty,1,25.0,25.0,2023,10,25.0
311,2023-12-05,CUST311,female,32,beauty,4,25.0,100.0,2023,12,100.0
312,2023-09-07,CUST312,male,41,clothing,4,30.0,120.0,2023,9,120.0
313,2023-03-21,CUST313,female,55,beauty,3,500.0,1500.0,2023,3,1500.0
314,2023-04-08,CUST314,male,52,clothing,4,30.0,120.0,2023,4,120.0
315,2023-06-01,CUST315,male,47,clothing,2,30.0,60.0,2023,6,60.0
316,2023-04-22,CUST316,female,48,clothing,2,25.0,50.0,2023,4,50.0
317,2023-01-30,CUST317,male,22,electronics,3,30.0,90.0,2023,1,90.0
318,2023-10-24,CUST318,male,61,clothing,1,25.0,25.0,2023,10,25.0
319,2023-10-05,CUST319,male,31,clothing,1,500.0,500.0,2023,10,500.0
320,2023-02-01,CUST320,female,28,electronics,4,300.0,1200.0,2023,2,1200.0
321,2023-06-10,CUST321,female,26,electronics,2,25.0,50.0,2023,6,50.0
322,2023-01-30,CUST322,male,51,electronics,1,500.0,500.0,2023,1,500.0
323,2023-01-26,CUST323,female,29,beauty,3,300.0,900.0,2023,1,900.0
324,2023-10-27,CUST324,female,52,electronics,3,50.0,150.0,2023,10,150.0
325,2023-09-02,CUST325,female,52,electronics,2,25.0,50.0,2023,9,50.0
326,2023-09-15,CUST326,female,18,clothing,3,25.0,75.0,2023,9,75.0
327,2023-09-29,CUST327,male,57,electronics,3,50.0,150.0,2023,9,150.0
328,2023-03-22,CUST328,male,39,beauty,2,50.0,100.0,2023,3,100.0
329,2023-01-30,CUST329,female,46,electronics,4,25.0,100.0,2023,1,100.0
330,2023-09-18,CUST330,female,25,beauty,4,50.0,200.0,2023,9,200.0
331,2023-02-11,CUST331,male,28,electronics,3,30.0,90.0,2023,2,90.0
332,2023-04-06,CUST332,male,58,electronics,4,300.0,1200.0,2023,4,1200.0
333,2023-02-05,CUST333,female,54,electronics,4,300.0,1200.0,2023,2,1200.0
334,2023-11-01,CUST334,male,31,electronics,3,300.0,900.0,2023,11,900.0
335,2023-02-04,CUST335,female,47,beauty,4,30.0,120.0,2023,2,120.0
336,2023-12-12,CUST336,female,52,beauty,3,50.0,150.0,2023,12,150.0
337,2023-05-01,CUST337,male,38,clothing,1,500.0,500.0,2023,5,500.0
338,2023-07-26,CUST338,male,54,beauty,2,50.0,100.0,2023,7,100.0
339,2023-03-03,CUST339,female,22,electronics,2,25.0,50.0,2023,3,50.0
340,2023-10-19,CUST340,female,36,clothing,4,300.0,1200.0,2023,10,1200.0
341,2023-05-07,CUST341,male,31,clothing,4,50.0,200.0,2023,5,200.0
342,2023-10-24,CUST342,female,43,clothing,4,500.0,2000.0,2023,10,2000.0
343,2023-11-01,CUST343,male,21,electronics,2,25.0,50.0,2023,11,50.0
344,2023-01-21,CUST344,female,42,beauty,1,30.0,30.0,2023,1,30.0
345,2023-11-14,CUST345,male,62,electronics,1,30.0,30.0,2023,11,30.0
346,2023-02-11,CUST346,male,59,clothing,2,500.0,1000.0,2023,2,1000.0
347,2023-08-03,CUST347,male,42,electronics,1,25.0,25.0,2023,8,25.0
348,2023-12-03,CUST348,female,35,electronics,2,300.0,600.0,2023,12,600.0
349,2023-10-26,CUST349,female,57,beauty,1,50.0,50.0,2023,10,50.0
350,2023-10-17,CUST350,male,25,beauty,3,25.0,75.0,2023,10,75.0
351,2023-09-25,CUST351,female,56,clothing,3,30.0,90.0,2023,9,90.0
352,2023-06-11,CUST352,male,57,electronics,2,500.0,1000.0,2023,6,1000.0
353,2023-05-14,CUST353,male,31,electronics,1,500.0,500.0,2023,5,500.0
354,2023-04-15,CUST354,female,49,beauty,4,50.0,200.0,2023,4,200.0
355,2023-12-09,CUST355,female,55,electronics,1,500.0,500.0,2023,12,500.0
356,2023-06-10,CUST356,male,50,electronics,3,500.0,1500.0,2023,6,1500.0
357,2023-05-03,CUST357,female,40,electronics,3,25.0,75.0,2023,5,75.0
358,2023-05-16,CUST358,female,32,beauty,1,300.0,300.0,2023,5,300.0
359,2023-07-22,CUST359,male,50,clothing,1,50.0,50.0,2023,7,50.0
360,2023-03-09,CUST360,male,42,clothing,4,25.0,100.0,2023,3,100.0
361,2023-12-10,CUST361,female,34,electronics,4,300.0,1200.0,2023,12,1200.0
362,2023-11-27,CUST362,male,50,clothing,1,25.0,25.0,2023,11,25.0
363,2023-06-03,CUST363,male,64,beauty,1,25.0,25.0,2023,6,25.0
364,2023-08-23,CUST364,female,19,beauty,1,500.0,500.0,2023,8,500.0
365,2023-06-11,CUST365,male,31,clothing,1,300.0,300.0,2023,6,300.0
366,2023-02-07,CUST366,male,57,clothing,2,50.0,100.0,2023,2,100.0
367,2023-01-05,CUST367,female,57,electronics,1,50.0,50.0,2023,1,50.0
368,2023-08-23,CUST368,female,56,clothing,4,300.0,1200.0,2023,8,1200.0
369,2023-11-15,CUST369,male,23,electronics,3,500.0,1500.0,2023,11,1500.0
370,2023-10-16,CUST370,male,23,electronics,2,30.0,60.0,2023,10,60.0
371,2023-02-21,CUST371,female,20,beauty,1,25.0,25.0,2023,2,25.0
372,2023-02-07,CUST372,female,24,beauty,3,500.0,1500.0,2023,2,1500.0
373,2023-10-03,CUST373,female,25,beauty,2,300.0,600.0,2023,10,600.0
374,2023-04-20,CUST374,female,59,beauty,3,25.0,75.0,2023,4,75.0
375,2023-09-17,CUST375,male,32,clothing,1,50.0,50.0,2023,9,50.0
376,2023-05-16,CUST376,female,64,beauty,1,30.0,30.0,2023,5,30.0
377,2023-03-09,CUST377,female,46,clothing,4,50.0,200.0,2023,3,200.0
378,2023-06-28,CUST378,male,50,beauty,1,300.0,300.0,2023,6,300.0
379,2023-02-05,CUST379,female,47,clothing,1,25.0,25.0,2023,2,25.0
380,2023-05-06,CUST380,male,56,electronics,2,300.0,600.0,2023,5,600.0
381,2023-07-09,CUST381,female,44,clothing,4,25.0,100.0,2023,7,100.0
382,2023-05-26,CUST382,female,53,clothing,2,500.0,1000.0,2023,5,1000.0
383,2023-03-22,CUST383,female,46,beauty,3,30.0,90.0,2023,3,90.0
384,2023-08-13,CUST384,male,55,clothing,1,500.0,500.0,2023,8,500.0
385,2023-10-06,CUST385,male,50,electronics,3,500.0,1500.0,2023,10,1500.0
386,2023-12-27,CUST386,female,54,electronics,2,300.0,600.0,2023,12,600.0
387,2023-06-04,CUST387,male,44,beauty,1,30.0,30.0,2023,6,30.0
388,2023-11-10,CUST388,male,50,electronics,1,25.0,25.0,2023,11,25.0
389,2023-12-01,CUST389,male,21,clothing,2,25.0,50.0,2023,12,50.0
390,2023-09-28,CUST390,male,39,electronics,2,50.0,100.0,2023,9,100.0
391,2023-01-05,CUST391,male,19,beauty,2,25.0,50.0,2023,1,50.0
392,2023-12-08,CUST392,male,27,clothing,2,300.0,600.0,2023,12,600.0
393,2023-10-11,CUST393,female,22,beauty,2,500.0,1000.0,2023,10,1000.0
394,2023-06-03,CUST394,female,27,clothing,1,500.0,500.0,2023,6,500.0
395,2023-12-06,CUST395,male,50,electronics,2,500.0,1000.0,2023,12,1000.0
396,2023-02-23,CUST396,female,55,beauty,1,30.0,30.0,2023,2,30.0
397,2023-03-10,CUST397,female,30,beauty,1,25.0,25.0,2023,3,25.0
398,2023-05-16,CUST398,female,48,clothing,2,300.0,600.0,2023,5,600.0
399,2023-03-01,CUST399,female,64,beauty,2,30.0,60.0,2023,3,60.0
400,2023-02-24,CUST400,male,53,clothing,4,50.0,200.0,2023,2,200.0
401,2023-10-11,CUST401,female,62,clothing,1,300.0,300.0,2023,10,300.0
402,2023-03-21,CUST402,female,41,clothing,2,300.0,600.0,2023,3,600.0
403,2023-05-20,CUST403,male,32,clothing,2,300.0,600.0,2023,5,600.0
404,2023-05-25,CUST404,male,46,electronics,2,500.0,1000.0,2023,5,1000.0
405,2023-11-06,CUST405,female,25,clothing,4,300.0,1200.0,2023,11,1200.0
406,2023-04-18,CUST406,female,22,beauty,4,25.0,100.0,2023,4,100.0
407,2023-06-25,CUST407,female,46,electronics,3,300.0,900.0,2023,6,900.0
408,2023-04-15,CUST408,female,64,beauty,1,500.0,500.0,2023,4,500.0
409,2023-12-18,CUST409,female,21,electronics,3,300.0,900.0,2023,12,900.0
410,2023-11-21,CUST410,female,29,clothing,2,50.0,100.0,2023,11,100.0
411,2023-05-16,CUST411,male,62,electronics,4,50.0,200.0,2023,5,200.0
412,2023-09-16,CUST412,female,19,electronics,4,500.0,2000.0,2023,9,2000.0
413,2023-09-08,CUST413,female,44,beauty,3,25.0,75.0,2023,9,75.0
414,2023-05-09,CUST414,male,48,beauty,4,25.0,100.0,2023,5,100.0
415,2023-01-27,CUST415,male,53,clothing,2,30.0,60.0,2023,1,60.0
416,2023-02-17,CUST416,male,53,electronics,4,500.0,2000.0,2023,2,2000.0
417,2023-11-21,CUST417,male,43,electronics,3,300.0,900.0,2023,11,900.0
418,2023-08-05,CUST418,female,60,electronics,2,500.0,1000.0,2023,8,1000.0
419,2023-05-22,CUST419,female,44,clothing,3,30.0,90.0,2023,5,90.0
420,2023-01-23,CUST420,female,22,clothing,4,500.0,2000.0,2023,1,2000.0
421,2023-01-02,CUST421,female,37,clothing,3,500.0,1500.0,2023,1,1500.0
422,2023-06-20,CUST422,female,28,clothing,3,30.0,90.0,2023,6,90.0
423,2023-03-08,CUST423,female,27,clothing,1,25.0,25.0,2023,3,25.0
424,2023-11-23,CUST424,male,57,beauty,4,300.0,1200.0,2023,11,1200.0
425,2023-05-15,CUST425,female,55,electronics,4,30.0,120.0,2023,5,120.0
426,2023-03-24,CUST426,male,23,electronics,3,50.0,150.0,2023,3,150.0
427,2023-08-15,CUST427,male,25,electronics,1,25.0,25.0,2023,8,25.0
428,2023-10-10,CUST428,female,40,electronics,4,50.0,200.0,2023,10,200.0
429,2023-12-28,CUST429,male,64,electronics,2,25.0,50.0,2023,12,50.0
430,2023-08-07,CUST430,female,43,electronics,3,300.0,900.0,2023,8,900.0
431,2023-10-15,CUST431,male,63,electronics,4,300.0,1200.0,2023,10,1200.0
432,2023-01-05,CUST432,female,60,electronics,2,500.0,1000.0,2023,1,1000.0
433,2023-02-27,CUST433,male,29,beauty,4,50.0,200.0,2023,2,200.0
434,2023-02-08,CUST434,female,43,electronics,2,25.0,50.0,2023,2,50.0
435,2023-12-20,CUST435,female,30,beauty,3,300.0,900.0,2023,12,900.0
436,2023-03-18,CUST436,female,57,clothing,4,30.0,120.0,2023,3,120.0
437,2023-10-07,CUST437,female,35,electronics,4,300.0,1200.0,2023,10,1200.0
438,2023-01-19,CUST438,female,42,clothing,1,30.0,30.0,2023,1,30.0
439,2023-07-09,CUST439,male,50,clothing,3,25.0,75.0,2023,7,75.0
440,2023-10-26,CUST440,male,64,clothing,2,300.0,600.0,2023,10,600.0
441,2023-10-10,CUST441,male,57,beauty,4,300.0,1200.0,2023,10,1200.0
442,2023-03-17,CUST442,female,60,clothing,4,25.0,100.0,2023,3,100.0
443,2023-08-09,CUST443,male,29,clothing,2,300.0,600.0,2023,8,600.0
444,2023-03-07,CUST444,female,61,clothing,3,30.0,90.0,2023,3,90.0
445,2023-01-22,CUST445,female,53,electronics,1,300.0,300.0,2023,1,300.0
446,2023-06-07,CUST446,male,21,electronics,1,50.0,50.0,2023,6,50.0
447,2023-07-06,CUST447,male,22,beauty,4,500.0,2000.0,2023,7,2000.0
448,2023-01-21,CUST448,female,54,beauty,2,30.0,60.0,2023,1,60.0
449,2023-07-03,CUST449,male,25,electronics,4,50.0,200.0,2023,7,200.0
450,2023-04-18,CUST450,female,59,beauty,2,25.0,50.0,2023,4,50.0
451,2023-12-16,CUST451,female,45,electronics,1,30.0,30.0,2023,12,30.0
452,2023-05-08,CUST452,female,48,clothing,3,500.0,1500.0,2023,5,1500.0
453,2023-12-08,CUST453,female,26,clothing,2,500.0,1000.0,2023,12,1000.0
454,2023-02-22,CUST454,female,46,beauty,1,25.0,25.0,2023,2,25.0
455,2023-07-01,CUST455,male,31,electronics,4,25.0,100.0,2023,7,100.0
456,2023-10-14,CUST456,male,57,electronics,2,30.0,60.0,2023,10,60.0
457,2023-07-28,CUST457,female,58,beauty,3,300.0,900.0,2023,7,900.0
458,2023-11-14,CUST458,female,39,electronics,4,25.0,100.0,2023,11,100.0
459,2023-03-21,CUST459,male,28,clothing,4,300.0,1200.0,2023,3,1200.0
460,2023-05-02,CUST460,male,40,beauty,1,50.0,50.0,2023,5,50.0
461,2023-03-25,CUST461,female,18,beauty,2,500.0,1000.0,2023,3,1000.0
462,2023-04-01,CUST462,male,63,electronics,4,300.0,1200.0,2023,4,1200.0
463,2023-07-31,CUST463,female,54,beauty,3,500.0,1500.0,2023,7,1500.0
464,2023-01-13,CUST464,male,38,electronics,2,300.0,600.0,2023,1,600.0
465,2023-04-02,CUST465,female,43,electronics,3,50.0,150.0,2023,4,150.0
466,2023-06-20,CUST466,male,63,electronics,4,25.0,100.0,2023,6,100.0
467,2023-07-30,CUST467,female,53,electronics,3,50.0,150.0,2023,7,150.0
468,2023-12-09,CUST468,male,40,electronics,1,25.0,25.0,2023,12,25.0
469,2023-05-08,CUST469,male,18,beauty,3,25.0,75.0,2023,5,75.0
470,2023-05-17,CUST470,female,57,clothing,2,500.0,1000.0,2023,5,1000.0
471,2023-03-23,CUST471,male,32,clothing,3,50.0,150.0,2023,3,150.0
472,2023-12-26,CUST472,female,38,beauty,3,300.0,900.0,2023,12,900.0
473,2023-02-25,CUST473,male,64,beauty,1,50.0,50.0,2023,2,50.0
474,2023-07-15,CUST474,female,26,clothing,3,500.0,1500.0,2023,7,1500.0
475,2023-01-20,CUST475,male,26,clothing,3,25.0,75.0,2023,1,75.0
476,2023-08-29,CUST476,female,27,clothing,4,500.0,2000.0,2023,8,2000.0
477,2023-04-24,CUST477,male,43,clothing,4,30.0,120.0,2023,4,120.0
478,2023-04-13,CUST478,female,58,clothing,2,30.0,60.0,2023,4,60.0
479,2023-08-24,CUST479,male,52,electronics,4,300.0,1200.0,2023,8,1200.0
480,2023-06-29,CUST480,female,42,beauty,4,500.0,2000.0,2023,6,2000.0
481,2023-06-06,CUST481,female,43,electronics,4,300.0,1200.0,2023,6,1200.0
482,2023-04-27,CUST482,female,28,clothing,4,300.0,1200.0,2023,4,1200.0
483,2023-04-25,CUST483,male,55,clothing,1,30.0,30.0,2023,4,30.0
484,2023-01-13,CUST484,female,19,clothing,4,300.0,1200.0,2023,1,1200.0
485,2023-12-04,CUST485,male,24,electronics,1,30.0,30.0,2023,12,30.0
486,2023-04-09,CUST486,female,35,electronics,1,25.0,25.0,2023,4,25.0
487,2023-07-24,CUST487,male,44,clothing,4,500.0,2000.0,2023,7,2000.0
488,2023-06-18,CUST488,female,51,electronics,3,300.0,900.0,2023,6,900.0
489,2023-05-23,CUST489,male,44,electronics,1,30.0,30.0,2023,5,30.0
490,2023-02-05,CUST490,male,34,clothing,3,50.0,150.0,2023,2,150.0
491,2023-05-23,CUST491,female,60,electronics,3,300.0,900.0,2023,5,900.0
492,2023-06-29,CUST492,male,61,beauty,4,25.0,100.0,2023,6,100.0
493,2023-11-25,CUST493,male,41,beauty,2,25.0,50.0,2023,11,50.0
494,2023-09-18,CUST494,female,42,beauty,4,50.0,200.0,2023,9,200.0
495,2023-07-24,CUST495,male,24,beauty,2,30.0,60.0,2023,7,60.0
496,2023-12-14,CUST496,male,23,clothing,2,300.0,600.0,2023,12,600.0
497,2023-10-02,CUST497,male,41,clothing,4,30.0,120.0,2023,10,120.0
498,2023-06-19,CUST498,female,50,clothing,4,25.0,100.0,2023,6,100.0
499,2023-01-15,CUST499,male,46,beauty,2,30.0,60.0,2023,1,60.0
500,2023-03-01,CUST500,female,60,beauty,4,25.0,100.0,2023,3,100.0
501,2023-05-14,CUST501,male,39,electronics,2,30.0,60.0,2023,5,60.0
502,2023-04-02,CUST502,male,43,electronics,3,50.0,150.0,2023,4,150.0
503,2023-10-25,CUST503,male,45,beauty,4,500.0,2000.0,2023,10,2000.0
504,2023-05-16,CUST504,female,38,beauty,3,50.0,150.0,2023,5,150.0
505,2023-01-20,CUST505,male,24,beauty,1,50.0,50.0,2023,1,50.0
506,2023-02-25,CUST506,male,34,beauty,3,500.0,1500.0,2023,2,1500.0
507,2023-11-02,CUST507,female,37,electronics,3,500.0,1500.0,2023,11,1500.0
508,2023-08-11,CUST508,male,58,beauty,2,300.0,600.0,2023,8,600.0
509,2023-06-26,CUST509,female,37,electronics,3,300.0,900.0,2023,6,900.0
510,2023-06-10,CUST510,female,39,beauty,4,50.0,200.0,2023,6,200.0
511,2023-08-12,CUST511,male,45,beauty,2,50.0,100.0,2023,8,100.0
512,2023-11-07,CUST512,female,57,beauty,1,25.0,25.0,2023,11,25.0
513,2023-09-19,CUST513,male,24,electronics,4,25.0,100.0,2023,9,100.0
514,2023-03-01,CUST514,female,18,electronics,1,300.0,300.0,2023,3,300.0
515,2023-07-17,CUST515,female,49,clothing,3,300.0,900.0,2023,7,900.0
516,2023-10-23,CUST516,male,30,beauty,4,25.0,100.0,2023,10,100.0
517,2023-04-08,CUST517,female,47,clothing,4,25.0,100.0,2023,4,100.0
518,2023-05-11,CUST518,female,40,clothing,1,30.0,30.0,2023,5,30.0
519,2023-01-23,CUST519,female,36,electronics,4,30.0,120.0,2023,1,120.0
520,2023-12-29,CUST520,female,49,electronics,4,25.0,100.0,2023,12,100.0
521,2023-08-12,CUST521,female,47,clothing,4,30.0,120.0,2023,8,120.0
522,2023-01-01,CUST522,male,46,beauty,3,500.0,1500.0,2023,1,1500.0
523,2023-09-24,CUST523,female,62,electronics,1,300.0,300.0,2023,9,300.0
524,2023-10-03,CUST524,male,46,beauty,4,300.0,1200.0,2023,10,1200.0
525,2023-12-18,CUST525,female,47,beauty,2,25.0,50.0,2023,12,50.0
526,2023-12-10,CUST526,male,33,clothing,2,50.0,100.0,2023,12,100.0
527,2023-04-11,CUST527,male,57,clothing,2,25.0,50.0,2023,4,50.0
528,2023-07-06,CUST528,female,36,clothing,2,30.0,60.0,2023,7,60.0
529,2023-08-09,CUST529,female,35,clothing,3,50.0,150.0,2023,8,150.0
530,2023-02-05,CUST530,female,18,electronics,4,30.0,120.0,2023,2,120.0
531,2023-12-07,CUST531,male,31,electronics,1,500.0,500.0,2023,12,500.0
532,2023-06-19,CUST532,female,64,clothing,4,30.0,120.0,2023,6,120.0
533,2023-11-16,CUST533,male,19,electronics,3,500.0,1500.0,2023,11,1500.0
534,2023-06-10,CUST534,male,45,clothing,2,500.0,1000.0,2023,6,1000.0
535,2023-12-06,CUST535,male,47,beauty,3,30.0,90.0,2023,12,90.0
536,2023-03-05,CUST536,female,55,beauty,4,30.0,120.0,2023,3,120.0
537,2023-06-03,CUST537,female,21,beauty,1,500.0,500.0,2023,6,500.0
538,2023-09-17,CUST538,male,18,clothing,3,50.0,150.0,2023,9,150.0
539,2023-06-08,CUST539,male,25,beauty,1,500.0,500.0,2023,6,500.0
540,2023-12-08,CUST540,female,46,electronics,3,300.0,900.0,2023,12,900.0
541,2023-07-29,CUST541,male,56,beauty,1,500.0,500.0,2023,7,500.0
542,2023-06-17,CUST542,female,20,beauty,1,50.0,50.0,2023,6,50.0
543,2023-07-26,CUST543,male,49,beauty,2,300.0,600.0,2023,7,600.0
544,2023-12-23,CUST544,female,27,electronics,1,25.0,25.0,2023,12,25.0
545,2023-06-01,CUST545,male,27,clothing,2,25.0,50.0,2023,6,50.0
546,2023-10-11,CUST546,female,36,electronics,4,50.0,200.0,2023,10,200.0
547,2023-03-07,CUST547,male,63,clothing,4,500.0,2000.0,2023,3,2000.0
548,2023-04-09,CUST548,female,51,clothing,2,30.0,60.0,2023,4,60.0
549,2023-08-04,CUST549,female,50,beauty,2,50.0,100.0,2023,8,100.0
550,2023-12-07,CUST550,male,40,clothing,3,300.0,900.0,2023,12,900.0
551,2023-07-14,CUST551,male,45,electronics,3,300.0,900.0,2023,7,900.0
552,2023-12-13,CUST552,female,49,electronics,3,25.0,75.0,2023,12,75.0
553,2023-03-31,CUST553,male,24,clothing,4,300.0,1200.0,2023,3,1200.0
554,2023-11-12,CUST554,female,46,beauty,3,50.0,150.0,2023,11,150.0
555,2023-10-19,CUST555,male,25,beauty,1,300.0,300.0,2023,10,300.0
556,2023-06-04,CUST556,female,18,electronics,1,50.0,50.0,2023,6,50.0
557,2023-07-27,CUST557,female,20,beauty,3,30.0,90.0,2023,7,90.0
558,2023-10-08,CUST558,female,41,clothing,1,25.0,25.0,2023,10,25.0
559,2023-01-01,CUST559,female,40,clothing,4,300.0,1200.0,2023,1,1200.0
560,2023-06-05,CUST560,female,25,electronics,1,50.0,50.0,2023,6,50.0
561,2023-05-27,CUST561,female,64,clothing,4,500.0,2000.0,2023,5,2000.0
562,2023-04-18,CUST562,male,54,electronics,2,25.0,50.0,2023,4,50.0
563,2023-08-09,CUST563,male,20,clothing,2,30.0,60.0,2023,8,60.0
564,2023-10-24,CUST564,male,50,electronics,2,50.0,100.0,2023,10,100.0
565,2023-11-07,CUST565,female,45,beauty,2,30.0,60.0,2023,11,60.0
566,2023-12-02,CUST566,female,64,clothing,1,30.0,30.0,2023,12,30.0
567,2023-06-14,CUST567,female,25,clothing,3,300.0,900.0,2023,6,900.0
568,2023-08-27,CUST568,female,51,electronics,1,300.0,300.0,2023,8,300.0
569,2023-08-15,CUST569,male,52,electronics,4,50.0,200.0,2023,8,200.0
570,2023-08-15,CUST570,male,49,clothing,1,500.0,500.0,2023,8,500.0
571,2023-12-12,CUST571,female,41,electronics,1,50.0,50.0,2023,12,50.0
572,2023-04-20,CUST572,male,31,clothing,4,500.0,2000.0,2023,4,2000.0
573,2023-09-19,CUST573,male,49,beauty,2,30.0,60.0,2023,9,60.0
574,2023-08-31,CUST574,female,63,electronics,2,25.0,50.0,2023,8,50.0
575,2023-03-28,CUST575,male,60,clothing,2,50.0,100.0,2023,3,100.0
576,2023-12-04,CUST576,female,33,beauty,3,50.0,150.0,2023,12,150.0
577,2023-02-13,CUST577,male,21,beauty,4,500.0,2000.0,2023,2,2000.0
578,2023-05-26,CUST578,female,54,clothing,4,30.0,120.0,2023,5,120.0
579,2023-09-21,CUST579,female,38,electronics,1,30.0,30.0,2023,9,30.0
580,2023-12-06,CUST580,female,31,clothing,3,500.0,1500.0,2023,12,1500.0
581,2023-11-21,CUST581,female,48,beauty,2,30.0,60.0,2023,11,60.0
582,2023-11-14,CUST582,male,35,clothing,3,300.0,900.0,2023,11,900.0
583,2023-06-21,CUST583,female,24,electronics,4,25.0,100.0,2023,6,100.0
584,2023-02-17,CUST584,female,27,beauty,4,50.0,200.0,2023,2,200.0
585,2023-05-01,CUST585,female,24,clothing,1,25.0,25.0,2023,5,25.0
586,2023-12-11,CUST586,male,50,electronics,1,50.0,50.0,2023,12,50.0
587,2023-06-08,CUST587,female,40,beauty,4,300.0,1200.0,2023,6,1200.0
588,2023-04-26,CUST588,male,38,electronics,2,30.0,60.0,2023,4,60.0
589,2023-04-12,CUST589,female,36,beauty,2,500.0,1000.0,2023,4,1000.0
590,2023-03-17,CUST590,male,36,clothing,3,300.0,900.0,2023,3,900.0
591,2023-01-13,CUST591,male,53,electronics,4,25.0,100.0,2023,1,100.0
592,2023-01-24,CUST592,female,46,beauty,4,500.0,2000.0,2023,1,2000.0
593,2023-05-06,CUST593,male,35,electronics,2,30.0,60.0,2023,5,60.0
594,2023-09-01,CUST594,female,19,electronics,2,300.0,600.0,2023,9,600.0
595,2023-11-09,CUST595,female,18,clothing,4,500.0,2000.0,2023,11,2000.0
596,2023-02-07,CUST596,female,64,electronics,1,300.0,300.0,2023,2,300.0
597,2023-08-22,CUST597,male,22,beauty,4,300.0,1200.0,2023,8,1200.0
598,2023-08-01,CUST598,male,37,beauty,4,30.0,120.0,2023,8,120.0
599,2023-11-19,CUST599,female,28,beauty,2,50.0,100.0,2023,11,100.0
600,2023-10-22,CUST600,female,59,beauty,2,500.0,1000.0,2023,10,1000.0
601,2023-04-10,CUST601,male,19,clothing,1,30.0,30.0,2023,4,30.0
602,2023-12-23,CUST602,female,20,electronics,1,300.0,300.0,2023,12,300.0
603,2023-07-16,CUST603,female,40,clothing,3,30.0,90.0,2023,7,90.0
604,2023-09-11,CUST604,female,29,electronics,4,50.0,200.0,2023,9,200.0
605,2023-07-24,CUST605,male,37,electronics,2,500.0,1000.0,2023,7,1000.0
606,2023-05-05,CUST606,male,22,electronics,1,50.0,50.0,2023,5,50.0
607,2023-03-17,CUST607,male,54,clothing,3,25.0,75.0,2023,3,75.0
608,2023-12-02,CUST608,female,55,electronics,3,500.0,1500.0,2023,12,1500.0
609,2023-12-19,CUST609,female,47,clothing,2,50.0,100.0,2023,12,100.0
610,2023-01-03,CUST610,female,26,beauty,2,300.0,600.0,2023,1,600.0
611,2023-02-24,CUST611,male,51,beauty,3,500.0,1500.0,2023,2,1500.0
612,2023-08-06,CUST612,female,61,electronics,1,500.0,500.0,2023,8,500.0
613,2023-04-23,CUST613,female,52,clothing,3,30.0,90.0,2023,4,90.0
614,2023-04-01,CUST614,female,39,beauty,4,300.0,1200.0,2023,4,1200.0
615,2023-12-23,CUST615,female,61,clothing,4,25.0,100.0,2023,12,100.0
616,2023-09-23,CUST616,male,41,clothing,2,50.0,100.0,2023,9,100.0
617,2023-08-26,CUST617,male,34,electronics,1,30.0,30.0,2023,8,30.0
618,2023-01-26,CUST618,female,27,beauty,1,50.0,50.0,2023,1,50.0
619,2023-10-13,CUST619,male,47,electronics,4,25.0,100.0,2023,10,100.0
620,2023-05-08,CUST620,male,63,electronics,3,25.0,75.0,2023,5,75.0
621,2023-03-04,CUST621,female,40,beauty,2,500.0,1000.0,2023,3,1000.0
622,2023-08-22,CUST622,female,49,beauty,3,25.0,75.0,2023,8,75.0
623,2023-03-10,CUST623,male,34,clothing,3,50.0,150.0,2023,3,150.0
624,2023-08-26,CUST624,female,34,beauty,3,300.0,900.0,2023,8,900.0
625,2023-12-08,CUST625,male,31,clothing,1,300.0,300.0,2023,12,300.0
626,2023-09-29,CUST626,female,26,clothing,4,500.0,2000.0,2023,9,2000.0
627,2023-10-14,CUST627,male,57,clothing,1,50.0,50.0,2023,10,50.0
628,2023-11-01,CUST628,female,19,beauty,4,50.0,200.0,2023,11,200.0
629,2023-06-12,CUST629,male,62,electronics,2,25.0,50.0,2023,6,50.0
630,2023-08-15,CUST630,male,42,clothing,2,50.0,100.0,2023,8,100.0
631,2023-11-10,CUST631,male,56,electronics,3,30.0,90.0,2023,11,90.0
632,2023-09-16,CUST632,female,26,electronics,4,25.0,100.0,2023,9,100.0
633,2023-08-07,CUST633,male,39,beauty,4,30.0,120.0,2023,8,120.0
634,2023-10-08,CUST634,male,60,electronics,4,500.0,2000.0,2023,10,2000.0
635,2023-08-17,CUST635,female,63,electronics,3,300.0,900.0,2023,8,900.0
636,2023-03-23,CUST636,female,21,beauty,3,500.0,1500.0,2023,3,1500.0
637,2023-09-01,CUST637,male,43,clothing,2,300.0,600.0,2023,9,600.0
638,2023-08-19,CUST638,male,46,electronics,1,500.0,500.0,2023,8,500.0
639,2023-05-13,CUST639,female,62,beauty,4,50.0,200.0,2023,5,200.0
640,2023-05-07,CUST640,female,51,electronics,4,30.0,120.0,2023,5,120.0
641,2023-11-23,CUST641,female,40,electronics,1,300.0,300.0,2023,11,300.0
642,2023-05-22,CUST642,female,54,clothing,4,25.0,100.0,2023,5,100.0
643,2023-09-24,CUST643,female,28,electronics,3,30.0,90.0,2023,9,90.0
644,2023-09-06,CUST644,male,23,beauty,3,25.0,75.0,2023,9,75.0
645,2023-11-17,CUST645,female,35,electronics,4,30.0,120.0,2023,11,120.0
646,2023-05-03,CUST646,male,38,clothing,3,30.0,90.0,2023,5,90.0
647,2023-05-21,CUST647,male,59,clothing,3,500.0,1500.0,2023,5,1500.0
648,2023-08-14,CUST648,male,53,beauty,4,300.0,1200.0,2023,8,1200.0
649,2023-02-09,CUST649,female,58,clothing,2,300.0,600.0,2023,2,600.0
650,2024-01-01,CUST650,male,55,electronics,1,30.0,30.0,2024,1,30.0
651,2023-05-27,CUST651,male,51,clothing,3,50.0,150.0,2023,5,150.0
652,2023-05-01,CUST652,female,34,beauty,2,50.0,100.0,2023,5,100.0
653,2023-05-20,CUST653,male,54,clothing,3,25.0,75.0,2023,5,75.0
654,2023-06-21,CUST654,male,42,clothing,3,25.0,75.0,2023,6,75.0
655,2023-06-13,CUST655,female,55,clothing,1,500.0,500.0,2023,6,500.0
656,2023-10-04,CUST656,male,29,beauty,3,30.0,90.0,2023,10,90.0
657,2023-02-11,CUST657,male,40,clothing,1,25.0,25.0,2023,2,25.0
658,2023-03-12,CUST658,male,59,clothing,1,25.0,25.0,2023,3,25.0
659,2023-03-19,CUST659,female,39,electronics,1,30.0,30.0,2023,3,30.0
660,2023-04-29,CUST660,female,38,beauty,2,500.0,1000.0,2023,4,1000.0
661,2023-07-16,CUST661,female,44,clothing,4,25.0,100.0,2023,7,100.0
662,2023-12-22,CUST662,male,48,beauty,2,500.0,1000.0,2023,12,1000.0
663,2023-03-20,CUST663,male,23,clothing,4,300.0,1200.0,2023,3,1200.0
664,2023-12-28,CUST664,female,44,clothing,4,500.0,2000.0,2023,12,2000.0
665,2023-04-20,CUST665,male,57,clothing,1,50.0,50.0,2023,4,50.0
666,2023-02-02,CUST666,male,51,electronics,3,50.0,150.0,2023,2,150.0
667,2023-08-01,CUST667,female,29,electronics,1,500.0,500.0,2023,8,500.0
668,2023-07-28,CUST668,female,62,electronics,3,50.0,150.0,2023,7,150.0
669,2023-06-19,CUST669,male,24,beauty,4,300.0,1200.0,2023,6,1200.0
670,2023-10-05,CUST670,male,27,beauty,1,30.0,30.0,2023,10,30.0
671,2023-08-27,CUST671,male,62,electronics,3,50.0,150.0,2023,8,150.0
672,2023-08-01,CUST672,female,34,beauty,2,50.0,100.0,2023,8,100.0
673,2023-02-01,CUST673,female,43,clothing,3,500.0,1500.0,2023,2,1500.0
674,2023-04-16,CUST674,female,38,clothing,1,300.0,300.0,2023,4,300.0
675,2023-08-04,CUST675,female,45,clothing,2,30.0,60.0,2023,8,60.0
676,2023-07-19,CUST676,male,63,electronics,3,500.0,1500.0,2023,7,1500.0
677,2023-10-27,CUST677,female,19,beauty,3,500.0,1500.0,2023,10,1500.0
678,2023-12-23,CUST678,female,60,electronics,3,300.0,900.0,2023,12,900.0
679,2023-01-11,CUST679,female,18,beauty,3,30.0,90.0,2023,1,90.0
680,2023-10-22,CUST680,female,53,clothing,3,300.0,900.0,2023,10,900.0
681,2023-07-14,CUST681,female,43,electronics,2,30.0,60.0,2023,7,60.0
682,2023-09-02,CUST682,male,46,beauty,4,300.0,1200.0,2023,9,1200.0
683,2023-01-04,CUST683,male,38,beauty,2,500.0,1000.0,2023,1,1000.0
684,2023-06-30,CUST684,female,28,clothing,2,500.0,1000.0,2023,6,1000.0
685,2023-06-02,CUST685,male,57,electronics,2,25.0,50.0,2023,6,50.0
686,2023-07-19,CUST686,female,28,electronics,4,50.0,200.0,2023,7,200.0
687,2023-08-03,CUST687,female,53,electronics,1,300.0,300.0,2023,8,300.0
688,2023-10-03,CUST688,male,56,clothing,4,25.0,100.0,2023,10,100.0
689,2023-10-07,CUST689,male,57,electronics,2,50.0,100.0,2023,10,100.0
690,2023-11-05,CUST690,female,52,clothing,3,300.0,900.0,2023,11,900.0
691,2023-04-23,CUST691,female,51,clothing,3,30.0,90.0,2023,4,90.0
692,2023-09-07,CUST692,female,64,clothing,2,50.0,100.0,2023,9,100.0
693,2023-04-23,CUST693,male,41,beauty,3,500.0,1500.0,2023,4,1500.0
694,2023-05-20,CUST694,female,39,electronics,2,25.0,50.0,2023,5,50.0
695,2023-08-12,CUST695,female,22,electronics,3,50.0,150.0,2023,8,150.0
696,2023-09-06,CUST696,female,50,clothing,4,50.0,200.0,2023,9,200.0
697,2023-01-15,CUST697,male,53,clothing,1,500.0,500.0,2023,1,500.0
698,2023-07-19,CUST698,female,64,electronics,1,300.0,300.0,2023,7,300.0
699,2023-06-22,CUST699,female,37,clothing,4,30.0,120.0,2023,6,120.0
700,2023-12-09,CUST700,male,36,electronics,4,500.0,2000.0,2023,12,2000.0
701,2023-12-14,CUST701,female,52,beauty,2,30.0,60.0,2023,12,60.0
702,2023-07-27,CUST702,female,60,clothing,2,300.0,600.0,2023,7,600.0
703,2023-03-26,CUST703,male,34,electronics,2,50.0,100.0,2023,3,100.0
704,2023-08-28,CUST704,female,62,clothing,3,30.0,90.0,2023,8,90.0
705,2023-03-07,CUST705,male,60,electronics,2,25.0,50.0,2023,3,50.0
706,2023-11-15,CUST706,male,51,electronics,4,25.0,100.0,2023,11,100.0
707,2023-10-01,CUST707,female,26,clothing,1,500.0,500.0,2023,10,500.0
708,2023-01-14,CUST708,female,43,beauty,3,300.0,900.0,2023,1,900.0
709,2023-07-21,CUST709,female,19,electronics,2,500.0,1000.0,2023,7,1000.0
710,2023-10-31,CUST710,female,26,electronics,3,500.0,1500.0,2023,10,1500.0
711,2023-10-16,CUST711,male,26,electronics,3,500.0,1500.0,2023,10,1500.0
712,2023-12-06,CUST712,female,57,beauty,2,25.0,50.0,2023,12,50.0
713,2023-01-14,CUST713,male,34,beauty,3,25.0,75.0,2023,1,75.0
714,2023-02-12,CUST714,female,18,clothing,1,500.0,500.0,2023,2,500.0
715,2023-11-26,CUST715,female,42,beauty,4,25.0,100.0,2023,11,100.0
716,2023-08-08,CUST716,female,60,clothing,4,300.0,1200.0,2023,8,1200.0
717,2023-03-11,CUST717,male,57,clothing,1,500.0,500.0,2023,3,500.0
718,2023-08-25,CUST718,female,59,beauty,3,25.0,75.0,2023,8,75.0
719,2023-04-04,CUST719,female,42,clothing,2,30.0,60.0,2023,4,60.0
720,2023-01-26,CUST720,female,56,beauty,3,500.0,1500.0,2023,1,1500.0
721,2023-05-14,CUST721,female,52,clothing,1,500.0,500.0,2023,5,500.0
722,2023-07-14,CUST722,male,20,beauty,3,300.0,900.0,2023,7,900.0
723,2023-06-17,CUST723,female,54,beauty,4,50.0,200.0,2023,6,200.0
724,2023-04-19,CUST724,male,61,clothing,3,50.0,150.0,2023,4,150.0
725,2023-08-21,CUST725,male,61,electronics,1,300.0,300.0,2023,8,300.0
726,2023-06-17,CUST726,male,47,clothing,4,300.0,1200.0,2023,6,1200.0
727,2023-06-22,CUST727,male,55,beauty,3,300.0,900.0,2023,6,900.0
728,2023-07-14,CUST728,male,51,electronics,3,50.0,150.0,2023,7,150.0
729,2023-05-23,CUST729,male,29,clothing,4,300.0,1200.0,2023,5,1200.0
730,2023-08-04,CUST730,female,36,clothing,2,25.0,50.0,2023,8,50.0
731,2023-05-10,CUST731,male,54,clothing,4,500.0,2000.0,2023,5,2000.0
732,2023-02-11,CUST732,male,61,electronics,2,500.0,1000.0,2023,2,1000.0
733,2023-08-29,CUST733,male,34,beauty,1,30.0,30.0,2023,8,30.0
734,2023-01-10,CUST734,female,27,clothing,1,30.0,30.0,2023,1,30.0
735,2023-10-04,CUST735,female,64,clothing,4,500.0,2000.0,2023,10,2000.0
736,2023-01-27,CUST736,male,29,clothing,4,25.0,100.0,2023,1,100.0
737,2023-06-29,CUST737,female,33,clothing,1,50.0,50.0,2023,6,50.0
738,2023-04-25,CUST738,male,41,clothing,2,50.0,100.0,2023,4,100.0
739,2023-11-29,CUST739,male,36,beauty,1,25.0,25.0,2023,11,25.0
740,2023-02-05,CUST740,female,25,beauty,4,50.0,200.0,2023,2,200.0
741,2023-11-30,CUST741,male,48,clothing,1,300.0,300.0,2023,11,300.0
742,2023-01-21,CUST742,female,38,electronics,4,500.0,2000.0,2023,1,2000.0
743,2023-01-16,CUST743,female,34,beauty,4,500.0,2000.0,2023,1,2000.0
744,2023-05-07,CUST744,male,40,electronics,1,25.0,25.0,2023,5,25.0
745,2023-04-13,CUST745,male,54,beauty,2,50.0,100.0,2023,4,100.0
746,2023-01-11,CUST746,female,33,clothing,3,30.0,90.0,2023,1,90.0
747,2023-11-15,CUST747,male,23,beauty,1,30.0,30.0,2023,11,30.0
748,2023-03-20,CUST748,male,25,clothing,3,50.0,150.0,2023,3,150.0
749,2023-05-03,CUST749,male,42,beauty,1,30.0,30.0,2023,5,30.0
750,2023-03-06,CUST750,female,35,clothing,3,25.0,75.0,2023,3,75.0
751,2023-08-31,CUST751,female,42,clothing,2,25.0,50.0,2023,8,50.0
752,2023-12-09,CUST752,male,29,clothing,2,50.0,100.0,2023,12,100.0
753,2023-02-28,CUST753,female,32,clothing,1,30.0,30.0,2023,2,30.0
754,2023-10-16,CUST754,female,43,electronics,4,25.0,100.0,2023,10,100.0
755,2023-04-22,CUST755,female,58,clothing,3,25.0,75.0,2023,4,75.0
756,2023-08-27,CUST756,female,62,electronics,4,300.0,1200.0,2023,8,1200.0
757,2023-12-25,CUST757,female,43,electronics,4,300.0,1200.0,2023,12,1200.0
758,2023-05-12,CUST758,male,64,clothing,4,25.0,100.0,2023,5,100.0
759,2023-07-08,CUST759,male,49,electronics,2,50.0,100.0,2023,7,100.0
760,2023-03-27,CUST760,male,27,beauty,1,500.0,500.0,2023,3,500.0
761,2023-11-07,CUST761,female,33,clothing,1,500.0,500.0,2023,11,500.0
762,2023-11-07,CUST762,female,24,electronics,2,25.0,50.0,2023,11,50.0
763,2023-02-28,CUST763,male,34,clothing,2,25.0,50.0,2023,2,50.0
764,2023-03-25,CUST764,female,40,clothing,1,25.0,25.0,2023,3,25.0
765,2023-06-09,CUST765,male,43,clothing,4,50.0,200.0,2023,6,200.0
766,2023-02-25,CUST766,male,38,electronics,3,300.0,900.0,2023,2,900.0
767,2023-10-24,CUST767,male,39,beauty,3,25.0,75.0,2023,10,75.0
768,2023-01-14,CUST768,female,24,beauty,3,25.0,75.0,2023,1,75.0
769,2023-06-09,CUST769,female,31,electronics,4,30.0,120.0,2023,6,120.0
770,2023-10-22,CUST770,male,32,clothing,1,50.0,50.0,2023,10,50.0
771,2023-12-13,CUST771,male,24,electronics,2,25.0,50.0,2023,12,50.0
772,2023-07-12,CUST772,male,26,electronics,1,30.0,30.0,2023,7,30.0
773,2023-07-23,CUST773,male,25,electronics,4,500.0,2000.0,2023,7,2000.0
774,2023-04-12,CUST774,female,40,clothing,2,25.0,50.0,2023,4,50.0
775,2023-02-08,CUST775,female,46,electronics,4,25.0,100.0,2023,2,100.0
776,2023-10-31,CUST776,male,35,clothing,3,30.0,90.0,2023,10,90.0
777,2023-12-20,CUST777,male,48,electronics,3,50.0,150.0,2023,12,150.0
778,2023-11-18,CUST778,female,47,beauty,4,25.0,100.0,2023,11,100.0
779,2023-05-05,CUST779,female,56,electronics,2,500.0,1000.0,2023,5,1000.0
780,2023-02-22,CUST780,male,52,electronics,2,25.0,50.0,2023,2,50.0
781,2023-12-23,CUST781,male,35,beauty,1,500.0,500.0,2023,12,500.0
782,2023-06-04,CUST782,male,59,clothing,3,300.0,900.0,2023,6,900.0
783,2023-12-17,CUST783,female,56,clothing,1,300.0,300.0,2023,12,300.0
784,2023-11-04,CUST784,female,34,electronics,1,500.0,500.0,2023,11,500.0
785,2023-03-03,CUST785,female,31,beauty,4,50.0,200.0,2023,3,200.0
786,2023-10-17,CUST786,male,48,clothing,4,25.0,100.0,2023,10,100.0
787,2023-01-22,CUST787,male,41,electronics,1,25.0,25.0,2023,1,25.0
788,2023-06-27,CUST788,female,52,beauty,3,300.0,900.0,2023,6,900.0
789,2023-09-30,CUST789,female,61,clothing,4,500.0,2000.0,2023,9,2000.0
790,2023-08-08,CUST790,male,62,clothing,1,25.0,25.0,2023,8,25.0
791,2023-12-05,CUST791,female,51,beauty,1,25.0,25.0,2023,12,25.0
792,2023-07-09,CUST792,female,20,beauty,1,50.0,50.0,2023,7,50.0
793,2023-02-05,CUST793,male,54,beauty,1,30.0,30.0,2023,2,30.0
794,2023-09-17,CUST794,female,60,beauty,1,300.0,300.0,2023,9,300.0
795,2023-11-28,CUST795,male,57,electronics,1,300.0,300.0,2023,11,300.0
796,2023-06-24,CUST796,male,43,beauty,4,30.0,120.0,2023,6,120.0
797,2023-01-07,CUST797,male,40,clothing,3,25.0,75.0,2023,1,75.0
798,2023-08-04,CUST798,male,61,clothing,1,50.0,50.0,2023,8,50.0
799,2023-09-08,CUST799,male,56,electronics,2,50.0,100.0,2023,9,100.0
800,2023-02-24,CUST800,male,32,clothing,4,300.0,1200.0,2023,2,1200.0
801,2023-08-10,CUST801,male,21,clothing,4,50.0,200.0,2023,8,200.0
802,2023-07-05,CUST802,female,46,beauty,1,30.0,30.0,2023,7,30.0
803,2023-11-22,CUST803,male,39,clothing,4,25.0,100.0,2023,11,100.0
804,2023-08-24,CUST804,male,42,electronics,1,30.0,30.0,2023,8,30.0
805,2023-12-29,CUST805,female,30,beauty,3,500.0,1500.0,2023,12,1500.0
806,2023-03-20,CUST806,female,35,beauty,3,300.0,900.0,2023,3,900.0
807,2023-08-11,CUST807,female,50,electronics,4,50.0,200.0,2023,8,200.0
808,2023-04-01,CUST808,male,33,beauty,4,500.0,2000.0,2023,4,2000.0
809,2023-09-25,CUST809,female,62,beauty,2,50.0,100.0,2023,9,100.0
810,2023-11-30,CUST810,male,59,electronics,4,25.0,100.0,2023,11,100.0
811,2023-05-19,CUST811,male,61,beauty,2,25.0,50.0,2023,5,50.0
812,2023-11-12,CUST812,male,19,electronics,3,25.0,75.0,2023,11,75.0
813,2023-10-03,CUST813,male,52,electronics,3,50.0,150.0,2023,10,150.0
814,2023-09-05,CUST814,female,59,clothing,1,500.0,500.0,2023,9,500.0
815,2023-08-27,CUST815,female,51,clothing,3,25.0,75.0,2023,8,75.0
816,2023-08-12,CUST816,male,47,beauty,2,500.0,1000.0,2023,8,1000.0
817,2023-10-31,CUST817,male,30,beauty,4,50.0,200.0,2023,10,200.0
818,2023-05-18,CUST818,male,30,electronics,1,500.0,500.0,2023,5,500.0
819,2023-06-15,CUST819,female,35,beauty,2,50.0,100.0,2023,6,100.0
820,2023-05-06,CUST820,male,49,electronics,4,50.0,200.0,2023,5,200.0
821,2023-02-14,CUST821,male,49,electronics,1,300.0,300.0,2023,2,300.0
822,2023-05-23,CUST822,female,52,beauty,3,50.0,150.0,2023,5,150.0
823,2023-08-19,CUST823,female,56,electronics,2,50.0,100.0,2023,8,100.0
824,2023-05-05,CUST824,male,63,clothing,4,30.0,120.0,2023,5,120.0
825,2023-08-26,CUST825,female,46,beauty,1,25.0,25.0,2023,8,25.0
826,2023-10-19,CUST826,female,46,clothing,1,300.0,300.0,2023,10,300.0
827,2023-11-09,CUST827,male,61,beauty,3,300.0,900.0,2023,11,900.0
828,2023-12-09,CUST828,female,33,electronics,4,300.0,1200.0,2023,12,1200.0
829,2023-07-14,CUST829,male,61,beauty,3,30.0,90.0,2023,7,90.0
830,2023-06-22,CUST830,female,64,clothing,3,50.0,150.0,2023,6,150.0
831,2023-01-15,CUST831,male,27,electronics,4,25.0,100.0,2023,1,100.0
832,2023-09-11,CUST832,male,47,beauty,4,500.0,2000.0,2023,9,2000.0
833,2023-06-16,CUST833,male,42,beauty,4,50.0,200.0,2023,6,200.0
834,2023-04-04,CUST834,female,56,beauty,2,30.0,60.0,2023,4,60.0
835,2023-09-07,CUST835,male,37,clothing,4,50.0,200.0,2023,9,200.0
836,2023-04-19,CUST836,female,22,clothing,1,50.0,50.0,2023,4,50.0
837,2023-07-01,CUST837,male,18,beauty,3,30.0,90.0,2023,7,90.0
838,2023-05-13,CUST838,male,47,electronics,2,300.0,600.0,2023,5,600.0
839,2023-06-24,CUST839,female,20,electronics,4,300.0,1200.0,2023,6,1200.0
840,2023-05-24,CUST840,male,62,clothing,2,25.0,50.0,2023,5,50.0
841,2023-11-02,CUST841,male,31,electronics,4,25.0,100.0,2023,11,100.0
842,2023-12-26,CUST842,female,47,clothing,2,300.0,600.0,2023,12,600.0
843,2023-05-22,CUST843,male,21,beauty,3,500.0,1500.0,2023,5,1500.0
844,2023-10-12,CUST844,male,35,clothing,3,50.0,150.0,2023,10,150.0
845,2023-01-06,CUST845,male,54,clothing,1,500.0,500.0,2023,1,500.0
846,2023-09-22,CUST846,male,42,beauty,1,50.0,50.0,2023,9,50.0
847,2023-04-08,CUST847,female,18,electronics,4,300.0,1200.0,2023,4,1200.0
848,2023-02-13,CUST848,female,63,clothing,3,25.0,75.0,2023,2,75.0
849,2023-05-04,CUST849,male,32,clothing,2,25.0,50.0,2023,5,50.0
850,2023-07-28,CUST850,female,26,beauty,2,500.0,1000.0,2023,7,1000.0
851,2023-09-08,CUST851,male,32,electronics,2,25.0,50.0,2023,9,50.0
852,2023-10-12,CUST852,female,41,clothing,1,300.0,300.0,2023,10,300.0
853,2023-05-04,CUST853,male,21,beauty,2,500.0,1000.0,2023,5,1000.0
854,2023-12-20,CUST854,male,29,clothing,1,50.0,50.0,2023,12,50.0
855,2023-09-01,CUST855,male,54,beauty,1,25.0,25.0,2023,9,25.0
856,2023-11-27,CUST856,male,54,electronics,4,30.0,120.0,2023,11,120.0
857,2023-12-31,CUST857,male,60,electronics,2,25.0,50.0,2023,12,50.0
858,2023-09-09,CUST858,male,23,electronics,2,50.0,100.0,2023,9,100.0
859,2023-08-18,CUST859,female,56,electronics,3,500.0,1500.0,2023,8,1500.0
860,2023-01-09,CUST860,male,63,clothing,4,50.0,200.0,2023,1,200.0
861,2023-02-17,CUST861,female,41,clothing,3,30.0,90.0,2023,2,90.0
862,2023-05-31,CUST862,male,28,electronics,4,300.0,1200.0,2023,5,1200.0
863,2023-04-24,CUST863,female,30,electronics,2,25.0,50.0,2023,4,50.0
864,2023-07-27,CUST864,female,51,electronics,1,500.0,500.0,2023,7,500.0
865,2023-12-21,CUST865,female,42,clothing,1,300.0,300.0,2023,12,300.0
866,2023-05-05,CUST866,male,24,electronics,1,50.0,50.0,2023,5,50.0
867,2023-06-06,CUST867,male,21,electronics,1,500.0,500.0,2023,6,500.0
868,2023-12-06,CUST868,female,25,electronics,1,300.0,300.0,2023,12,300.0
869,2023-10-25,CUST869,male,37,beauty,3,500.0,1500.0,2023,10,1500.0
870,2023-07-08,CUST870,female,46,electronics,4,30.0,120.0,2023,7,120.0
871,2023-08-31,CUST871,male,62,beauty,2,30.0,60.0,2023,8,60.0
872,2023-10-11,CUST872,female,63,beauty,3,25.0,75.0,2023,10,75.0
873,2023-09-29,CUST873,female,27,electronics,4,25.0,100.0,2023,9,100.0
874,2023-06-26,CUST874,male,60,beauty,1,30.0,30.0,2023,6,30.0
875,2023-08-06,CUST875,female,51,electronics,4,500.0,2000.0,2023,8,2000.0
876,2023-10-09,CUST876,male,43,clothing,4,30.0,120.0,2023,10,120.0
877,2023-06-19,CUST877,female,58,clothing,1,25.0,25.0,2023,6,25.0
878,2023-06-30,CUST878,female,20,clothing,1,30.0,30.0,2023,6,30.0
879,2023-12-26,CUST879,male,23,clothing,1,30.0,30.0,2023,12,30.0
880,2023-08-21,CUST880,male,22,beauty,2,500.0,1000.0,2023,8,1000.0
881,2023-05-19,CUST881,male,22,electronics,1,300.0,300.0,2023,5,300.0
882,2023-06-06,CUST882,female,64,electronics,2,25.0,50.0,2023,6,50.0
883,2023-05-09,CUST883,male,40,electronics,1,500.0,500.0,2023,5,500.0
884,2023-04-29,CUST884,female,26,clothing,2,30.0,60.0,2023,4,60.0
885,2023-03-03,CUST885,female,52,clothing,4,30.0,120.0,2023,3,120.0
886,2023-04-09,CUST886,male,37,electronics,3,300.0,900.0,2023,4,900.0
887,2023-06-11,CUST887,male,59,clothing,4,25.0,100.0,2023,6,100.0
888,2023-03-03,CUST888,female,52,electronics,4,25.0,100.0,2023,3,100.0
889,2023-10-02,CUST889,female,35,electronics,1,50.0,50.0,2023,10,50.0
890,2023-12-20,CUST890,male,34,electronics,2,25.0,50.0,2023,12,50.0
891,2023-04-05,CUST891,male,41,electronics,3,300.0,900.0,2023,4,900.0
892,2023-04-09,CUST892,male,20,electronics,1,50.0,50.0,2023,4,50.0
893,2023-04-21,CUST893,male,49,electronics,1,50.0,50.0,2023,4,50.0
894,2023-09-05,CUST894,male,52,electronics,1,30.0,30.0,2023,9,30.0
895,2023-05-22,CUST895,female,55,clothing,4,30.0,120.0,2023,5,120.0
896,2023-10-29,CUST896,female,30,electronics,2,25.0,50.0,2023,10,50.0
897,2023-09-26,CUST897,female,64,electronics,2,50.0,100.0,2023,9,100.0
898,2023-11-02,CUST898,female,42,clothing,3,30.0,90.0,2023,11,90.0
899,2023-05-25,CUST899,male,26,clothing,2,300.0,600.0,2023,5,600.0
900,2023-02-21,CUST900,male,21,clothing,2,30.0,60.0,2023,2,60.0
901,2023-04-10,CUST901,male,31,electronics,1,30.0,30.0,2023,4,30.0
902,2023-06-01,CUST902,female,54,beauty,1,50.0,50.0,2023,6,50.0
903,2023-04-27,CUST903,female,51,beauty,4,50.0,200.0,2023,4,200.0
904,2023-07-04,CUST904,male,28,clothing,1,500.0,500.0,2023,7,500.0
905,2023-04-02,CUST905,male,58,beauty,1,300.0,300.0,2023,4,300.0
906,2023-06-04,CUST906,female,20,clothing,1,50.0,50.0,2023,6,50.0
907,2023-01-08,CUST907,female,45,electronics,1,25.0,25.0,2023,1,25.0
908,2023-12-29,CUST908,male,46,beauty,4,300.0,1200.0,2023,12,1200.0
909,2023-10-01,CUST909,male,26,electronics,1,300.0,300.0,2023,10,300.0
910,2023-03-06,CUST910,female,20,beauty,3,50.0,150.0,2023,3,150.0
911,2023-05-21,CUST911,male,42,electronics,3,300.0,900.0,2023,5,900.0
912,2023-01-24,CUST912,male,51,beauty,3,50.0,150.0,2023,1,150.0
913,2023-01-28,CUST913,male,29,electronics,3,30.0,90.0,2023,1,90.0
914,2023-10-11,CUST914,female,59,electronics,1,500.0,500.0,2023,10,500.0
915,2023-05-30,CUST915,female,26,beauty,3,30.0,90.0,2023,5,90.0
916,2023-12-24,CUST916,female,32,electronics,1,50.0,50.0,2023,12,50.0
917,2023-03-06,CUST917,female,57,electronics,4,50.0,200.0,2023,3,200.0
918,2023-11-23,CUST918,female,42,electronics,3,30.0,90.0,2023,11,90.0
919,2023-09-09,CUST919,female,22,beauty,2,25.0,50.0,2023,9,50.0
920,2023-02-22,CUST920,female,28,beauty,3,25.0,75.0,2023,2,75.0
921,2023-01-07,CUST921,male,51,electronics,3,25.0,75.0,2023,1,75.0
922,2023-10-21,CUST922,male,41,electronics,1,50.0,50.0,2023,10,50.0
923,2023-05-26,CUST923,male,32,beauty,3,300.0,900.0,2023,5,900.0
924,2023-08-29,CUST924,male,55,beauty,2,50.0,100.0,2023,8,100.0
925,2023-09-03,CUST925,male,25,electronics,1,300.0,300.0,2023,9,300.0
926,2023-08-14,CUST926,male,22,electronics,1,30.0,30.0,2023,8,30.0
927,2023-06-24,CUST927,male,43,electronics,4,500.0,2000.0,2023,6,2000.0
928,2023-04-05,CUST928,female,35,clothing,4,300.0,1200.0,2023,4,1200.0
929,2023-01-27,CUST929,female,23,beauty,3,25.0,75.0,2023,1,75.0
930,2023-05-10,CUST930,male,54,clothing,4,50.0,200.0,2023,5,200.0
931,2023-09-02,CUST931,male,30,beauty,4,30.0,120.0,2023,9,120.0
932,2023-02-28,CUST932,female,45,beauty,4,25.0,100.0,2023,2,100.0
933,2023-02-03,CUST933,male,22,beauty,1,30.0,30.0,2023,2,30.0
934,2023-07-25,CUST934,male,30,beauty,1,500.0,500.0,2023,7,500.0
935,2023-09-09,CUST935,female,34,beauty,1,50.0,50.0,2023,9,50.0
936,2023-02-07,CUST936,male,57,beauty,4,50.0,200.0,2023,2,200.0
937,2023-10-23,CUST937,female,62,beauty,1,500.0,500.0,2023,10,500.0
938,2023-11-19,CUST938,male,49,clothing,4,50.0,200.0,2023,11,200.0
939,2023-12-18,CUST939,female,46,electronics,1,300.0,300.0,2023,12,300.0
940,2023-01-28,CUST940,female,20,electronics,1,30.0,30.0,2023,1,30.0
941,2023-03-19,CUST941,female,57,clothing,2,25.0,50.0,2023,3,50.0
942,2023-03-18,CUST942,male,51,clothing,3,500.0,1500.0,2023,3,1500.0
943,2023-10-16,CUST943,female,57,clothing,4,300.0,1200.0,2023,10,1200.0
944,2023-06-05,CUST944,male,44,clothing,2,25.0,50.0,2023,6,50.0
945,2023-02-13,CUST945,male,30,beauty,1,25.0,25.0,2023,2,25.0
946,2023-05-08,CUST946,male,62,electronics,4,500.0,2000.0,2023,5,2000.0
947,2023-03-02,CUST947,male,50,beauty,1,300.0,300.0,2023,3,300.0
948,2023-10-13,CUST948,female,23,electronics,3,25.0,75.0,2023,10,75.0
949,2023-08-02,CUST949,female,41,electronics,2,25.0,50.0,2023,8,50.0
950,2023-11-07,CUST950,male,36,clothing,3,300.0,900.0,2023,11,900.0
951,2023-11-02,CUST951,male,33,beauty,2,50.0,100.0,2023,11,100.0
952,2023-11-13,CUST952,female,57,clothing,1,25.0,25.0,2023,11,25.0
953,2023-04-26,CUST953,male,45,beauty,3,30.0,90.0,2023,4,90.0
954,2023-09-25,CUST954,female,50,electronics,3,300.0,900.0,2023,9,900.0
955,2023-07-14,CUST955,male,58,clothing,1,25.0,25.0,2023,7,25.0
956,2023-08-19,CUST956,male,30,clothing,3,500.0,1500.0,2023,8,1500.0
957,2023-08-15,CUST957,female,60,electronics,4,30.0,120.0,2023,8,120.0
958,2023-06-02,CUST958,male,62,electronics,2,25.0,50.0,2023,6,50.0
959,2023-10-29,CUST959,female,42,electronics,2,30.0,60.0,2023,10,60.0
960,2023-08-08,CUST960,male,59,clothing,2,30.0,60.0,2023,8,60.0
961,2023-06-06,CUST961,male,53,beauty,4,50.0,200.0,2023,6,200.0
962,2023-10-19,CUST962,male,44,clothing,2,30.0,60.0,2023,10,60.0
963,2023-11-14,CUST963,female,55,beauty,1,50.0,50.0,2023,11,50.0
964,2023-01-31,CUST964,male,24,clothing,3,300.0,900.0,2023,1,900.0
965,2023-11-09,CUST965,male,22,clothing,4,50.0,200.0,2023,11,200.0
966,2023-02-20,CUST966,male,60,electronics,2,500.0,1000.0,2023,2,1000.0
967,2023-04-17,CUST967,male,62,beauty,1,25.0,25.0,2023,4,25.0
968,2023-11-17,CUST968,female,48,clothing,3,300.0,900.0,2023,11,900.0
969,2023-04-19,CUST969,female,40,clothing,3,300.0,900.0,2023,4,900.0
970,2023-05-16,CUST970,male,59,electronics,4,500.0,2000.0,2023,5,2000.0
971,2023-12-05,CUST971,female,27,electronics,4,50.0,200.0,2023,12,200.0
972,2023-02-11,CUST972,male,49,beauty,4,25.0,100.0,2023,2,100.0
973,2023-03-22,CUST973,male,60,clothing,1,50.0,50.0,2023,3,50.0
974,2023-05-03,CUST974,male,47,beauty,1,30.0,30.0,2023,5,30.0
975,2023-03-30,CUST975,female,56,clothing,4,50.0,200.0,2023,3,200.0
976,2023-10-10,CUST976,female,48,beauty,2,300.0,600.0,2023,10,600.0
977,2023-02-08,CUST977,female,35,electronics,3,25.0,75.0,2023,2,75.0
978,2023-03-22,CUST978,female,53,clothing,3,50.0,150.0,2023,3,150.0
979,2023-01-02,CUST979,female,19,beauty,1,25.0,25.0,2023,1,25.0
980,2023-07-29,CUST980,female,31,electronics,3,25.0,75.0,2023,7,75.0
981,2023-08-19,CUST981,female,30,electronics,2,30.0,60.0,2023,8,60.0
982,2023-12-19,CUST982,female,46,beauty,3,30.0,90.0,2023,12,90.0
983,2023-11-01,CUST983,female,29,clothing,1,300.0,300.0,2023,11,300.0
984,2023-08-29,CUST984,male,56,clothing,1,500.0,500.0,2023,8,500.0
985,2023-05-30,CUST985,female,19,electronics,2,25.0,50.0,2023,5,50.0
986,2023-01-17,CUST986,female,49,clothing,2,500.0,1000.0,2023,1,1000.0
987,2023-04-29,CUST987,female,30,clothing,3,300.0,900.0,2023,4,900.0
988,2023-05-28,CUST988,female,63,clothing,3,25.0,75.0,2023,5,75.0
989,2023-12-28,CUST989,female,44,electronics,1,25.0,25.0,2023,12,25.0
990,2023-05-25,CUST990,female,58,beauty,2,500.0,1000.0,2023,5,1000.0
991,2023-12-26,CUST991,female,34,clothing,2,50.0,100.0,2023,12,100.0
992,2023-08-21,CUST992,female,57,electronics,2,30.0,60.0,2023,8,60.0
993,2023-02-06,CUST993,female,48,electronics,3,50.0,150.0,2023,2,150.0
994,2023-12-18,CUST994,female,51,beauty,2,500.0,1000.0,2023,12,1000.0
995,2023-04-30,CUST995,female,41,clothing,1,30.0,30.0,2023,4,30.0
996,2023-05-16,CUST996,male,62,clothing,1,50.0,50.0,2023,5,50.0
997,2023-11-17,CUST997,male,52,beauty,3,30.0,90.0,2023,11,90.0
998,2023-10-29,CUST998,female,23,beauty,4,25.0,100.0,2023,10,100.0
999,2023-12-05,CUST999,female,36,electronics,3,50.0,150.0,2023,12,150.0
1000,2023-04-12,CUST1000,male,47,electronics,4,30.0,120.0,2023,4,120.0
